k,rho,instance,engine,seed,state,invariant_violation,n_topics,n_sessions,scheduled_minutes,capacity,util,posthoc_syllabus_mastery,posthoc_ga_objective,posthoc_raw_score,generations,wall_ms,message
10,0.735849,medio-k10,greedy-baseline,20261012,accepted,,3,3,165,390,0.423077,0.049364,0.000000,-0.629629,0,12.3,
10,0.735849,medio-k10,ga,1,accepted,,5,5,240,390,0.615385,0.089211,0.000000,-0.516027,60,17.9,
10,0.735849,medio-k10,ga,2,accepted,,5,5,240,390,0.615385,0.089211,0.000000,-0.516027,60,7.4,
10,0.735849,medio-k10,ga,3,accepted,,5,5,240,390,0.615385,0.089211,0.000000,-0.516027,60,6.2,
10,0.735849,medio-k10,ga,4,accepted,,5,5,240,390,0.615385,0.089211,0.000000,-0.516027,60,6.3,
10,0.735849,medio-k10,ga,5,accepted,,5,5,240,390,0.615385,0.089211,0.000000,-0.516027,60,6.2,
10,0.735849,medio-k10,ga,6,accepted,,5,5,240,390,0.615385,0.089211,0.000000,-0.516027,60,6.1,
10,0.735849,medio-k10,ga,7,accepted,,5,5,240,390,0.615385,0.089211,0.000000,-0.516027,60,6.3,
10,0.735849,medio-k10,ga,8,accepted,,5,5,240,390,0.615385,0.089211,0.000000,-0.516027,60,6.0,
10,0.735849,medio-k10,ga,9,accepted,,5,5,240,390,0.615385,0.089211,0.000000,-0.516027,60,6.0,
10,0.735849,medio-k10,ga,10,accepted,,5,5,240,390,0.615385,0.089211,0.000000,-0.516027,60,6.8,
15,0.768293,medio-k15,greedy-baseline,20261012,accepted,,3,3,165,630,0.261905,0.032909,0.000000,-0.686419,0,0.7,
15,0.768293,medio-k15,ga,1,accepted,,7,7,300,630,0.476190,0.080988,0.000000,-0.637475,60,7.2,
15,0.768293,medio-k15,ga,2,accepted,,7,7,300,630,0.476190,0.080988,0.000000,-0.637475,60,6.3,
15,0.768293,medio-k15,ga,3,accepted,,7,7,300,630,0.476190,0.080988,0.000000,-0.637475,60,6.3,
15,0.768293,medio-k15,ga,4,accepted,,7,7,300,630,0.476190,0.080988,0.000000,-0.637475,60,6.3,
15,0.768293,medio-k15,ga,5,accepted,,7,7,300,630,0.476190,0.080988,0.000000,-0.637475,60,6.2,
15,0.768293,medio-k15,ga,6,accepted,,7,7,300,630,0.476190,0.080988,0.000000,-0.637475,60,5.7,
15,0.768293,medio-k15,ga,7,accepted,,7,7,300,630,0.476190,0.080988,0.000000,-0.637475,60,5.0,
15,0.768293,medio-k15,ga,8,accepted,,7,7,300,630,0.476190,0.080988,0.000000,-0.637475,60,4.8,
15,0.768293,medio-k15,ga,9,accepted,,7,7,300,630,0.476190,0.080988,0.000000,-0.637475,60,4.8,
15,0.768293,medio-k15,ga,10,accepted,,7,7,300,630,0.476190,0.080988,0.000000,-0.637475,60,4.9,
20,0.730435,medio-k20,greedy-baseline,20261012,accepted,,5,5,305,840,0.363095,0.036405,0.000000,-0.662832,0,0.5,
20,0.730435,medio-k20,ga,1,accepted,,11,13,670,840,0.797619,0.092797,0.000000,-0.436692,60,6.2,
20,0.730435,medio-k20,ga,2,accepted,,11,13,670,840,0.797619,0.092797,0.000000,-0.436692,60,5.9,
20,0.730435,medio-k20,ga,3,accepted,,11,13,670,840,0.797619,0.092797,0.000000,-0.436692,60,5.8,
20,0.730435,medio-k20,ga,4,accepted,,11,13,670,840,0.797619,0.092797,0.000000,-0.436692,60,5.8,
20,0.730435,medio-k20,ga,5,accepted,,11,13,670,840,0.797619,0.092797,0.000000,-0.436692,60,5.8,
20,0.730435,medio-k20,ga,6,accepted,,11,13,670,840,0.797619,0.092797,0.000000,-0.436692,60,6.1,
20,0.730435,medio-k20,ga,7,accepted,,11,13,670,840,0.797619,0.092797,0.000000,-0.436692,60,6.3,
20,0.730435,medio-k20,ga,8,accepted,,11,13,670,840,0.797619,0.092797,0.000000,-0.436692,60,5.9,
20,0.730435,medio-k20,ga,9,accepted,,11,13,670,840,0.797619,0.092797,0.000000,-0.436692,60,5.8,
20,0.730435,medio-k20,ga,10,accepted,,11,13,670,840,0.797619,0.092797,0.000000,-0.436692,60,14.9,
25,0.763251,medio-k25,greedy-baseline,20261012,accepted,,9,9,480,1080,0.444444,0.056206,0.000000,-0.601908,0,0.7,
25,0.763251,medio-k25,ga,1,accepted,,13,15,770,1080,0.712963,0.085381,0.000000,-0.451236,60,7.0,
25,0.763251,medio-k25,ga,2,accepted,,13,15,770,1080,0.712963,0.085381,0.000000,-0.451236,60,7.2,
25,0.763251,medio-k25,ga,3,accepted,,13,15,770,1080,0.712963,0.085381,0.000000,-0.451236,60,6.7,
25,0.763251,medio-k25,ga,4,accepted,,13,15,770,1080,0.712963,0.085381,0.000000,-0.451236,60,6.7,
25,0.763251,medio-k25,ga,5,accepted,,13,15,770,1080,0.712963,0.085381,0.000000,-0.451236,60,6.9,
25,0.763251,medio-k25,ga,6,accepted,,13,15,770,1080,0.712963,0.085381,0.000000,-0.451236,60,6.9,
25,0.763251,medio-k25,ga,7,accepted,,13,15,770,1080,0.712963,0.085381,0.000000,-0.451236,60,6.8,
25,0.763251,medio-k25,ga,8,accepted,,13,15,770,1080,0.712963,0.085381,0.000000,-0.451236,60,6.5,
25,0.763251,medio-k25,ga,9,accepted,,13,15,770,1080,0.712963,0.085381,0.000000,-0.451236,60,6.7,
25,0.763251,medio-k25,ga,10,accepted,,13,15,770,1080,0.712963,0.085381,0.000000,-0.451236,60,7.0,
30,0.750000,medio-k30,greedy-baseline,20261012,accepted,,11,11,580,1230,0.471545,0.056124,0.000000,-0.593873,0,0.7,
30,0.750000,medio-k30,ga,1,accepted,,12,14,720,1230,0.585366,0.066508,0.000000,-0.529485,60,8.3,
30,0.750000,medio-k30,ga,2,accepted,,12,14,720,1230,0.585366,0.066508,0.000000,-0.529485,60,8.2,
30,0.750000,medio-k30,ga,3,accepted,,12,14,720,1230,0.585366,0.066508,0.000000,-0.529485,60,7.8,
30,0.750000,medio-k30,ga,4,accepted,,12,14,720,1230,0.585366,0.066508,0.000000,-0.529485,60,7.6,
30,0.750000,medio-k30,ga,5,accepted,,12,14,720,1230,0.585366,0.066508,0.000000,-0.529485,60,7.5,
30,0.750000,medio-k30,ga,6,accepted,,12,14,720,1230,0.585366,0.066508,0.000000,-0.529485,60,7.8,
30,0.750000,medio-k30,ga,7,accepted,,12,14,720,1230,0.585366,0.066508,0.000000,-0.529485,60,8.1,
30,0.750000,medio-k30,ga,8,accepted,,12,14,720,1230,0.585366,0.066508,0.000000,-0.529485,60,7.8,
30,0.750000,medio-k30,ga,9,accepted,,12,14,720,1230,0.585366,0.066508,0.000000,-0.529485,60,7.9,
30,0.750000,medio-k30,ga,10,accepted,,12,14,720,1230,0.585366,0.066508,0.000000,-0.529485,60,7.7,
35,0.746544,medio-k35,greedy-baseline,20261012,accepted,,15,15,820,1620,0.506173,0.062765,0.000000,-0.587592,0,0.7,
35,0.746544,medio-k35,ga,1,plan-would-be-empty,,0,0,0,1620,0.000000,NaN,NaN,NaN,60,8.9,"No session fits: the availability windows inside the horizon cannot hold even the first topic of the study order. An empty plan is refused rather than returned, because the platform rejects one anyway. offending=[4298f2ec-eb78-36d5-b7e6-1eb7ad0e0669]"
35,0.746544,medio-k35,ga,2,plan-would-be-empty,,0,0,0,1620,0.000000,NaN,NaN,NaN,60,8.4,"No session fits: the availability windows inside the horizon cannot hold even the first topic of the study order. An empty plan is refused rather than returned, because the platform rejects one anyway. offending=[4298f2ec-eb78-36d5-b7e6-1eb7ad0e0669]"
35,0.746544,medio-k35,ga,3,plan-would-be-empty,,0,0,0,1620,0.000000,NaN,NaN,NaN,60,8.5,"No session fits: the availability windows inside the horizon cannot hold even the first topic of the study order. An empty plan is refused rather than returned, because the platform rejects one anyway. offending=[4298f2ec-eb78-36d5-b7e6-1eb7ad0e0669]"
35,0.746544,medio-k35,ga,4,plan-would-be-empty,,0,0,0,1620,0.000000,NaN,NaN,NaN,60,8.8,"No session fits: the availability windows inside the horizon cannot hold even the first topic of the study order. An empty plan is refused rather than returned, because the platform rejects one anyway. offending=[4298f2ec-eb78-36d5-b7e6-1eb7ad0e0669]"
35,0.746544,medio-k35,ga,5,plan-would-be-empty,,0,0,0,1620,0.000000,NaN,NaN,NaN,60,8.5,"No session fits: the availability windows inside the horizon cannot hold even the first topic of the study order. An empty plan is refused rather than returned, because the platform rejects one anyway. offending=[4298f2ec-eb78-36d5-b7e6-1eb7ad0e0669]"
35,0.746544,medio-k35,ga,6,plan-would-be-empty,,0,0,0,1620,0.000000,NaN,NaN,NaN,60,8.4,"No session fits: the availability windows inside the horizon cannot hold even the first topic of the study order. An empty plan is refused rather than returned, because the platform rejects one anyway. offending=[4298f2ec-eb78-36d5-b7e6-1eb7ad0e0669]"
35,0.746544,medio-k35,ga,7,plan-would-be-empty,,0,0,0,1620,0.000000,NaN,NaN,NaN,60,8.3,"No session fits: the availability windows inside the horizon cannot hold even the first topic of the study order. An empty plan is refused rather than returned, because the platform rejects one anyway. offending=[4298f2ec-eb78-36d5-b7e6-1eb7ad0e0669]"
35,0.746544,medio-k35,ga,8,plan-would-be-empty,,0,0,0,1620,0.000000,NaN,NaN,NaN,60,8.4,"No session fits: the availability windows inside the horizon cannot hold even the first topic of the study order. An empty plan is refused rather than returned, because the platform rejects one anyway. offending=[4298f2ec-eb78-36d5-b7e6-1eb7ad0e0669]"
35,0.746544,medio-k35,ga,9,plan-would-be-empty,,0,0,0,1620,0.000000,NaN,NaN,NaN,60,8.3,"No session fits: the availability windows inside the horizon cannot hold even the first topic of the study order. An empty plan is refused rather than returned, because the platform rejects one anyway. offending=[4298f2ec-eb78-36d5-b7e6-1eb7ad0e0669]"
35,0.746544,medio-k35,ga,10,plan-would-be-empty,,0,0,0,1620,0.000000,NaN,NaN,NaN,60,8.1,"No session fits: the availability windows inside the horizon cannot hold even the first topic of the study order. An empty plan is refused rather than returned, because the platform rejects one anyway. offending=[4298f2ec-eb78-36d5-b7e6-1eb7ad0e0669]"
