instance,seed,initial_size,initial_empty,initial_F_nan,initial_F_of_empty,initial_best_F_nonempty,initial_getFittest_is_empty
apertado,1,40,3,3,NaN,-0.621002,true
apertado,2,40,2,2,NaN,-0.632086,true
apertado,3,40,2,2,NaN,-0.624893,true
apertado,4,40,6,6,NaN,-0.608048,true
apertado,5,40,4,4,NaN,-0.616918,true
apertado,6,40,2,2,NaN,-0.621145,true
apertado,7,40,2,2,NaN,-0.613015,true
apertado,8,40,3,3,NaN,-0.622295,true
apertado,9,40,2,2,NaN,-0.625626,true
apertado,10,40,4,4,NaN,-0.626543,true
medio,1,40,3,3,NaN,-0.456258,true
medio,2,40,2,2,NaN,-0.500263,true
medio,3,40,2,2,NaN,-0.483220,true
medio,4,40,6,6,NaN,-0.496477,true
medio,5,40,4,4,NaN,-0.459128,true
medio,6,40,2,2,NaN,-0.490379,true
medio,7,40,2,2,NaN,-0.455723,true
medio,8,40,3,3,NaN,-0.490915,true
medio,9,40,2,2,NaN,-0.500263,true
medio,10,40,4,4,NaN,-0.471316,true
folgado,1,40,3,3,NaN,-0.038958,true
folgado,2,40,2,2,NaN,-0.038958,true
folgado,3,40,2,2,NaN,-0.038958,true
folgado,4,40,6,6,NaN,-0.038958,true
folgado,5,40,4,4,NaN,-0.038958,true
folgado,6,40,2,2,NaN,-0.038958,true
folgado,7,40,2,2,NaN,-0.038958,true
folgado,8,40,3,3,NaN,-0.038958,true
folgado,9,40,2,2,NaN,-0.038958,true
folgado,10,40,4,4,NaN,-0.038958,true
